,Area,Area,Area,Area,Area
,count,sum,mean,std,sem
0.0,1150.0,0.06768728,5.885850434782609e-05,0.0006873881193477155,2.0269969790852612e-05
1.0,1012.0,0.07295413,7.208906126482213e-05,0.0008196425399496789,2.576524249153096e-05
2.0,912.0,0.05136015,5.6315953947368424e-05,0.0005077387067566696,1.6812908650839213e-05
3.0,1314.0,0.0977111,7.436156773211567e-05,0.0009314822640130528,2.569667356086227e-05
Mean,1097.0,0.072428165,6.540627182303308e-05,0.0007365629075167791,2.2136198623521262e-05
Std,174.49737342817895,0.019199311515597808,9.13535508400423e-06,0.00018227676347346304,4.384334512956833e-06
SEM,87.24868671408947,0.009599655757798904,4.567677542002115e-06,9.113838173673152e-05,2.1921672564784167e-06
